{
  "id": 1,
  "done": "تم",
  "low": "منخفض",
  "high": "مرتفع",
  "menu": "القائمة",
  "lang": "English",
  "contact": "اتصل",
  "medium": "متوسط",
  "home": "الرئيسية",
  "source": "المصدر",
  "explore": "استكشف",
  "indicators": "مؤشرات",
  "or_explore_pillars": "او استكشف المحاور",
  "overview": "نظرة عامة",
  "overview_country_profile": "نظرة عامة",
  "countries": "الدول",
  "pillars": "المحاور",
  "about": "عن المنصة",
  "info_alt": "من نحن",
  "table_rank": "الترتيب",
  "updated": "تم التحديث",
  "compare_title": "قارن",
  "benchmarks": "المعايير",
  "table_score": "النتيجة",
  "clear_all": "إزالة الكل",
  "countries_title": "الدول",
  "world_countries": "دول العالم",
  "table_countries": "الدول",
  "no_data": "لا توجد بيانات",
  "full_stats": "جميع الحالات",
  "add_countries": "اضافة دولة",
  "skip_step": "تخطي هذه المرحلة",
  "choose_kpi_title": "أختر مؤشراً",
  "world_rank": "المرتبة العالمية",
  "sub_pillars": "المحاور الثانوية",
  "full_stats_for": "جميع الحالات لـ",
  "search_country": "البحث عن الدولة",
  "home_page_countries_title": "دولة",
  "home_page_pillars_title": "محور",
  "home_page_kpi_title": "مؤشر",
  "search_countries": "اختر دول",
  "block_indicator": "مؤشر جودة وآداء",
  "block_countries": "دولة حول العالم",
  "search_placeholder": "ابحث عن دولة أو مؤشر",
  "generate_graphics": "انشاء رسم بياني",
  "graphic_stats": "الرسم البياني للحالات",
  "menu_multiple_countries": "دول متعددة",
  "world_ranking_title": "الترتيب العالمي",
  "country_details_title": "تفاصيل الدولة",
  "block_pillars": "ركيزة رئيسية للقياسات",
  "kpi_search_placeholder": "البحث عن مؤشر",
  "search_country_title": "البحث عن الدولة",
  "select_countries_placeholder": "ابحث أو اختر الدولة",
  "select_groups_placeholder": "أضف مجموعات",
  "logo_alt": "منصة الأداء الدولي",
  "search_another_country": "البحث عن دولة أخرى",
  "select_pillar": "فضلاً اختار احد المحاور للمتابعة",
  "home_welcome": "مرحباً بكم في منصة الأداء الدولي",
  "select_subpillar": "فضلاً اختار احد المحاور الثانوية للمتابعة",
  "home_slogan": "منصة شاملة تفاعلية تستعرض مؤشرات الأداء العالمي في عدة مجالات",
  "explore_tag": "لا تستطيع أن تقرر؟ ابدأ خطوة بخطوة: تصفح واختر",
  "powered_tag": "جميع الحقوق محفوظة لدى المركز الوطني لقياس أداء الأجهزة العامة - أداء 2017",
  "pillars_tag": "بإختيارك لواحدة من هذه المجالات سيتم عرض البيانات الخاصة بهذا المجال على الخريطة وعلى كل الدول المدرجة",
  "about_text": "<h1>عن منصة الأداء الدولي</h1><p>منصة إلكترونية تتيح الاطلاع على مؤشرات الأداء الدولي لأداء الحكومات لتضفي مزيداً من الشفافية، وتقدّم رؤىً هامة للهيئات الحكومية والمنظمات الدولية. وتعدّ منصة الأداء الدولي منصة تفاعلية تتيح متابعة ما يزيد عن 500 مؤشر من مؤشرات الأداء الرئيسية تمّ تصنيفها حسب 12 محوراً أساسياً؛ بدءاً من التعليم والطاقة، ووصولاً إلى المجتمع والصناعة. وقام المركز الوطني لقياس أداء الأجهزة العامة في المملكة العربية السعودية (أداء)، بإنشاء هذه المنصة بهدف تجميع البيانات عرضها بشكل مرئي بعد استخلاصها من العديد من المصادر العالمية الموثوقة، مثل البنك الدولي و منظمة التعاون الاقتصادي والتنمية.</p><p>وتعدّ منصة الأداء الدولي فريدة من نوعها حيث تتميز بالآتي:</p><ol><li><b>سهلة الاستخدام:</b> فهي تتيح تصفح مجموعة واسعة من البيانات بطريقة سهلة وتفاعلية شاملة.</li><li><b>موثوقة:</b> تستمد منصة الأداء الدولي بياناتها وقيمها المرجعية من مصادر عالمية موثوقة معترف بها دولياً مما يضمن للحكومات حول العالم إمكانية الاعتماد على بياناتها.</li><li><b>ملهَمة:</b> ستقدم المنصة في المستقبل القريب تحليلات متكاملة لمصادر البيانات، مع القدرة على تقديم التوقعات وتحديد الأوليات من المنظور الحكومي مما يجعلها مصدر إلهام للمهتمين.</li></ol><br><h1>عن المركز الوطني لقياس أداء الأجهزة العامة (أداء)</h1><p>المركز الوطني لقياس أداء الأجهزة العامة في المملكة العربية السعودية، هو مركز حكومي مستقل يرتبط مباشرة برئيس مجلس الوزراء. تأسس المركز في شهر أكتوبر من عام 2015 بهدف قياس أداء الأجهزة العامة من خلال تطبيق نماذج ومنهجيات وأدوات موحدة وملزمة لها لدعم كفايتها وفاعليتها، وإعداد تقارير دورية حول نتائج أدائها، وقياس رضا المستفيدين عن الخدمات العامة المقدمة لهم . كما يعمل مركز أداء على تطوير أدوات قياس الأداء، وتوفير التدريب والاستشارات لإدارة الأداء في الأجهزة العامة لتحقيق خططها الاستراتيجية ومبادراتها الطموحة الساعية نحو التميز.</p><p>كان الهدف الأول لتصميم منصة الأداء الدولي هو دعم تحقيق الوصول لرؤية المملكة 2030 ومعرفة مواطن الفرص والتحديات التي تواجهها المملكة بالإضافة إلى عمل منصة الأداء الدولي لأداء المملكة مع دول العالم لتساهم المنصة في الاسترشاد لوضع المستهدفات الطموحة بناءاً على مؤشرات الأداء الدولية، ومع نضج المنصة أصبح بإمكان الحكومات والشركات والمؤسسات الأخرى حول العالم الاسترشاد بمؤشرات الأداء الرئيسية ونقاط البيانات المدرجة في المنصة، الأمر الذي سيساعد تلك الجهات في اتخاذ قراراتها وتمكينها نحو مستقبل مزدهر.</p><br><h1>المنتجات الأخرى التي تقدمها منصة الأداء الدولي </h1><p>يقدم المركز قائمة منتجات متكاملة تشمل:</p><ul><li><b>منصة الأداء الدولي:</b> منصة إلكترونية لعرض مؤشرات الأداء الدولي لأكثر من 200 دولة حول العالم اعتماداً على أكثر من 500 مؤشر من مؤشرات الأداء الرئيسية مصنفة حسب 12 محوراً رئيسياً للقياس.</li><li><b>تقرير الأداء الدولي:</b> تقرير سنوي شامل للمملكة العربية السعودية يقدم تحديثات عن حالة الأهداف الرئيسية التي وضعتها البلاد في مسيرتها لتحقيق رؤية المملكة 2030، وعرض أفضل الممارسات الدولية.</li><li><b>تقارير الأداء الدولي المعمقة:</b> تقارير موجزة تقدم تحليلاً معمقاً لمؤشرات أداء رئيسية المختارة.</li></ul>",
  "data_source": "مصدر البيانات",
  "description": "التوصيف",
  "frequency": "التردد",
  "no_data_message": "لا توجد بيانات للعرض",
  "show_data_source": "> عرض مصدر البيانات",
  "loading_title": "تحميل",
  "loading_message": "الرجاء الانتظار...قد يستغرق الأمر ثواني معدودة",
  "no_results": "لا توجد نتائج",
  "single_result": "نتيجة وجدت",
  "multi_results": "نتيجة وجدت",
  "oh_snap": "حدث خطأ!",
  "max_5_country": "تستطيع اضافة 5 دولة كحد اقصى للمقارنة",
  "ok_btn": "موافق",
  "compare_empty_title": "عذراً...لا يوجد بيانات",
  "compare_empty_text": "للمقارنة بينهما وإظهار المزيد من الإحصاءات قم باختيار دولتين على الأقل باستخدام القائمة أو الخريطة ",
  "no_country_text_line_1": "عذراً...لا يوجد بيانات",
  "no_country_text_line_2": "للمقارنة بينهما وإظهار المزيد من الإحصاءات قم باختيار دولتين على الأقل باستخدام القائمة أو الخريطة ",
  "country_name": "اسم الدولة",
  "lonely_country": "قم باختيار المزيد من الدول",
  "single_country_text_line2": "بينهما وإظهار المزيد من الإحصاءات قم باختيار دولة إضافية باستخدام القائمة أو الخريطة للمقارنة ",
  "logo_home": "/assets/images/new_logo_ar.png",
  "logo_home_v2": "/assets/images/logo/logo-ar.png",
  "graphic_title": "أرقام  لـ",
  "full_stats_title": "إحصائيات كاملة لمؤشرات ",
  "kpis": "مؤشر قياس",
  "years": "سنوات",
  "deep_dives": "دراسات متعمقة",
  "kpi_id": "معرف معرف مؤشر الأداء الرئيسي",
  "kpi_name": "اسم مؤشر الأداء الرئيسي",
  "release_date": "تاريخ النشر",
  "file_for_arabic": "ملف للغة العربية",
  "file_for_english": "ملف للغة الإنجليزية",
  "share_via_email": "شارك عبر البريد الإلكتروني",
  "copy_url": "نسخ الرابط",
  "copied": "تم النسخ",
  "top_9_kpis": "اعلى 9 مؤشرات",
  "bottom_9_kpis": "اقل 9 مؤشرات",
  "overall": "نظرة عامة",
  "out_of": "من",
  "back": "الى الخلف",
  "select_countries": "اختر دول",
  "data_no_available": "البيانات غير متوفرة",
  "share_text_twitter": ":url \n @iph_SaudiArabia منصة_الأداء_الدولي# :countryName تعرف أكثر على أداء \n#IPH\n#مؤشرات_دولية",
  "share_text_country_detail": ":url \n:countryName \n:kpiName (:denominatorName) [:year] => :value \n:rank من :outOf \n تعرف أكثر من خلال #منصة_الأداء_الدولي \n@iph_SaudiArabia\n#IPH",
  "twitter_text_country_detail": ":url \n:countryName \n:kpiName (:denominatorName) [:year] => :value \n:rank من :outOf \n تعرف أكثر من خلال #منصة_الأداء_الدولي \n@iph_SaudiArabia\n#IPH",
  "technology_partners": "شركاء التقنية",
  "knowledge_partners": "شركاء المعرفة والبيانات",
  "developed_by_adaa": "طور بواسطة",
  "bottom_copyright": "جميع الحقوق محفوظة لدى المركز الوطني لقياس أداء الأجهزة العامة  أداء © 2018",
  "bottom_copyright_2": " الشروط والأحكام.",
  "not_all_world_countries": "القائمة لا تحتوي على كل دول العالم",
  "share_mail_subject": "على منصة الأداء الدولي countryName: أداء",
  "inspired_by": "مستوحاة من",
  "additional_notes": "ملاحظات إضافية",
  "select_no_results": "لا توجد نتائج",
  "share_on_facebook": "شارك على فايسبوك",
  "share_on_twitter": "شارك على تويتر",
  "rank": "سنوي",
  "result_not_found": "نتائج",
  "not_all_world_countries_included": "القائمة لا تحتوي على كل دول العالم",
  "see_details": "انظر التفاصيل",
  "country_profile_card_description": "تستعرض معايير و مؤشرات قياس الاداء الدولية‬ لكل دولة في عدة قطاعات",
  "country_profile_card_title": "لوحه تعريفيه",
  "selected_kpi": "مؤشر الأداء المختار"
}