{
  "id": 0,
  "low": "Low",
  "high": "High",
  "home": "Home",
  "done": "DONE",
  "menu": "Menu",
  "lang": "العربية",
  "contact": "Contact",
  "about": "About",
  "medium": "Medium",
  "source": "Source",
  "no_data": "No Data",
  "table_rank": "RANK",
  "indicators": "Indicators",
  "updated": "Updated",
  "explore": "Explore",
  "or_explore_pillars": "Or Explore Pillars",
  "pillars": "Pillars",
  "overview": "Overview",
  "overview_country_profile": "Overview",
  "table_score": "SCORE",
  "clear_all": "CLEAR ALL",
  "info_alt": "information",
  "benchmarks": "Benchmarks",
  "full_stats": "Full Stats",
  "compare_title": "Compare",
  "world_rank": "World rank",
  "sub_pillars": "Sub Pillars",
  "skip_step": "Skip This Step",
  "countries": "World Countries",
  "world_countries": "World countries",
  "countries_title": "Countries",
  "home_page_countries_title": "Countries",
  "home_page_pillars_title": "Pillars",
  "home_page_kpi_title": "Indicators",
  "table_countries": "COUNTRIES",
  "powered": "Powered by Optiim",
  "graphic_stats": "Graphic Stats",
  "add_countries": "Add Countries",
  "choose_kpi_title": "Choose KPI",
  "search_country": "Search country",
  "search_countries": "Search Countries",
  "full_stats_for": "FULL STATS FOR",
  "world_ranking_title": "World Ranking",
  "generate_graphics": "GENERATE GRAPHS",
  "search_country_title": "Search Country",
  "search_placeholder": "Search for Pillars, SDGS, KPI's or for Country",
  "select_pillar": "Please select a Pillar",
  "country_details_title": "Country Details",
  "logo_alt": "International performance HUB",
  "kpi_search_placeholder": "Search for KPI's",
  "select_subpillar": "Please select a subPillar",
  "menu_multiple_countries": "Multiple Countries",
  "block_countries": "Countries around the world",
  "block_pillars": "Main pillars of measurements",
  "block_indicator": "Key Performance Indicators",
  "search_another_country": "Search another Country",
  "select_countries_placeholder": "Search/Select a country",
  "home_welcome": "Welcome to the International Performance Hub",
  "explore_tag": "Can't decide what to search for? Go step-by-step, browse and select.",
  "powered_tag": "All rights reserved to National Center for Performance Measurements. Powered by Adaa 2017.",
  "home_slogan": "A comprehensive platform for users to access  and engage on global performance indicators.",
  "pillars_tag": "Select a pillar to see relevant country data and map visualization.",
  "about_text": "<h1>What is IPH?</h1><p>Data-informed metrics can provide transparency to government performance and provide insights. IPH is an interactive platform designed to track over 500 Key Performance Indicators (KPIs) under 12 main pillars, ranging from education and energy to social and industry. Created by Saudi Arabia's National Center for Performance Measurement, the platform aggregates and visualizes data from many respected international bodies including the World Bank and the Organization for Economic Co-operation and Development (OECD).</p><p>IPH is unique in that it is:</p><ol><li><b>Convenient: </b> Collecting a wide spectrum of data into one comprehensive and intuitive platform; </li><li><b>Credible:</b> Ensuring data can be relied upon by governments around the world, IPH sources only from highly-respected organizations with recognized data sets;</li><li><b>Insightful:</b> Although IPH is still in development, future offerings include integrated analysis across data sources, and predictive and prioritization capabilities from a government practitioner-lens</li></ol><br><h1>What is Adaa?</h1><p>The National Center for Performance Measurement (Adaa) is a leading independent government body in Saudi Arabia, founded in October 2015 and reports directly to the prime minister.</p><p>Adaa aims to create and integrate performance measurement processes within public entities in Saudi Arabia through the use of unified tools. These measures mean to enhance the ability of these entities to monitor and improve their performance.</p><p>In addition to developing performance measurement tools, Adaa's objectives also include providing trainings and consultations in performance management to these entities to facilitate internal drive towards excellence.</p><p>Separate from its role within Saudi Arabia, Adaa is well-positioned to support movements towards government performance and transparency worldwide by providing access to the wealth of knowledge that resides within IPH. While the platform was designed to support the objectives of Saudi Arabia, the KPIs and data points can inform data-driven decision making by governments, businesses, and other institutions around the world.</p><br><h1>What other products does IPH offer?</h1><p>The full IPH product line includes:</p><ul><li><b>The International Performance Hub (IPH):</b> An online platform measuring the socio-economic state of over 200 countries around the world against more than 500 Key Performance Indicators (KPIs) house within 12 pillars of measurement. </li><li><b>The International Performance Report (IPR):</b> A comprehensive annual report for the Kingdom of Saudi Arabia that provides updates on the status of key goals and objectives set by the country to achieve progress towards Vision 2030 and international best practices.</li><li><b>International Performance Deep Dives (IPDD):</b> Summary reports providing in-depth analysis of select KPIs. </li></ul>",
  "data_source": "Data Source",
  "description": "Description",
  "frequency": "Frequency",
  "no_data_message": "There is no data to display",
  "show_data_source": "> SHOW DATA SOURCE",
  "loading_title": "Loading",
  "loading_message": "Please wait. This may take a few seconds.",
  "no_results": "No results found",
  "single_result": "result found.",
  "multi_results": "results found.",
  "oh_snap": "Oh Snap!",
  "max_5_country": "You can only add maximum 5 countries for comparison.",
  "ok_btn": "OK",
  "compare_empty_title": "Uh oh...it's empty in here!",
  "compare_empty_text": "You need to choose, from the dropdown or directly from the map, at least 2 countries in order to compare them and to see more statistics.",
  "no_country_text_line_1": "Uh oh...it's empty in here!",
  "no_country_text_line_2": "You need to choose, from the dropdown or directly from the map, at least 2 countries in order to compare them and to see more statistics.",
  "country_name": "Country name",
  "lonely_country": "It's lonely in here!",
  "single_country_text_line2": "You need to choose, from the dropdown or directly from the map, one more country in order to compare them and to see more statistics.",
  "logo_home": "/assets/images/new_logo_en.png",
  "logo_home_v2": "/assets/images/logo/logo-en.png",
  "graphic_title": "Figures for",
  "full_stats_title": "Full Statistics for",
  "kpis": "KPI's",
  "years": "Years",
  "deep_dives": "Deep Dives",
  "kpi_id": "KPI ID",
  "kpi_name": "KPI Name",
  "release_date": "Release Date",
  "file_for_arabic": "File for Arabic",
  "file_for_english": "File for English",
  "share_via_email": "Share via Email",
  "copy_url": "Copy URL",
  "copied": "Copied!",
  "top_9_kpis": "TOP 9 KPIS",
  "bottom_9_kpis": "BOTTOM 9 KPIS",
  "overall": "Overall",
  "out_of": "OUT OF",
  "back": "Back",
  "select_countries": "Select Countries",
  "data_no_available": "Data Not Available",
  "share_text_twitter": ":url \nLearn more about the performance of :countryName at #IPH \nvia @iph_SaudiArabia",
  "share_text_country_detail": ":url \n:countryName \n:kpiName: (:denominatorName) [:year] => :value \n:rank out of :outOf \nLearn more at #IPH",
  "twitter_text_country_detail": ":url \n:countryName \n:kpiName: (:denominatorName) [:year] => :value \n:rank out of :outOf \nLearn more at #IPH \nvia @iph_SaudiArabia",
  "technology_partners": "Technology Partners",
  "knowledge_partners": "Knowledge and Data Partners",
  "developed_by_adaa": "Developed By",
  "bottom_copyright": "All rights reserved by the National Center for Performance Measurements Adaa © 2018. ",
  "bottom_copyright_2": "Terms & Condition",
  "not_all_world_countries": "Not all world countries are included.",
  "share_mail_subject": ":countryName Performance on IPH",
  "inspired_by": "Inspired By",
  "additional_notes": "Additional Notes",
  "select_groups_placeholder": "Select Groups",
  "select_no_results": "No results found",
  "share_on_facebook": "Share on Facebook",
  "share_on_twitter": "Share on Twitter",
  "rank": "Rank",
  "result_not_found": "result(s) found.",
  "not_all_world_countries_included": "Not all world countries included",
  "see_details": "SEE DETAILS",
  "country_profile_card_description": "Review international standards and performance indicators Each country in several sectors",
  "country_profile_card_title": "Country Profiles",
  "selected_kpi": "Selected KPI"
}
